id,original_id,name,original_name,retro_reaction,group_1,group_2,Comments KP,Num_Reactant,Type or Other name,R1_smiles,R2_smiles,Product,Known doable,Maybe Doable,Problematic,Unsure,Comment,Rewritten,Comment KP
20,20,reductiveamination,reductiveamination,[#6;$(C[C;$(C([#6]))]):4]-!@[N;$([NH1;D2](C)C);!$(N-[#6]=[*]);$(N([C])):3]>>[#6:4][*].[N:3][*],*=[O],'',"Odd one, product is aldehyde so =O, also note for Excel = has to be escaped '=O. Alternatively use [#6:4]=[*] but will that work in fragmentation step?",2,Aldehyde_Amine_to_C-N,CC(=O),NC,CCNC,x,,,,,1,
20,20,reductiveamination,reductiveamination,[#6;$(C[C;$(C([#6]))]):4]-!@[N;$([NH1;D2](C)C);!$(N-[#6]=[*]);$(N([C])):3]>>[#6:4][*].[N:3][*],[O]=*,'',This is for the case when star is first character e.g. *CCC,2,Aldehyde_Amine_to_C-N,CC(=O),NC,CCNC,x,,,,,1,
23,23,Mitsunobu_imide,Mitsunobu_imide,"[C;$([CH;$(C([#6])[#6])]),$([CH2;$(C[#6])]):1]-!@[N;$(N(C=O)C=O):2]>>[*:1][*].[*:2][*]",[OH],'',,2,Alcohol_Mal_to_C-N,CC(O)C,CC(=O)NC(=O)C,CC(C)N(C(=O)C)C(=O)C,,x,,,,1,
24,24,Mitsunobu_phenole,Mitsunobu_phenole,"[C;$([CH;$(C([#6])[#6])]),$([CH2;$(C[#6])]):1]-!@[O;$(Oc1ccccc1):2]>>[*:1][*].[*:2][*]",[OH],[OH],,2,Alcohol_Phenol_to_C-O,CC(O)C,c1ccccc1O,CC(C)Oc1ccccc1,,x,,,,1,
25,25,Mitsunobu_sulfonamide,Mitsunobu_sulfonamide,"[C;$([CH;$(C([#6])[#6])]),$([CH2;$(C[#6])]):1]-!@[N;$(N([#6])S(=O)=O):2]>>[*:1][*].[*:2][*]",[OH],'',,2,Alcohol_SulAmide_to_C-N,CC(O)C,CNS(=O)(=O)C,CC(C)N(C)S(=O)(=O)C,,x,,,,1,
27,27,sulfon_amide,sulfon_amide,"[S;$(S(=O)(=O)[C,N]):1]-!@[N+0;$(NC):2]>>[*:1][*].[*:2][*]",[Cl],'',,2,Sulfonyl_Amine_to_SulfoAmide,CS(=O)(=O)Cl,NCC,CCNS(=O)(=O)C,x,,,,,1,
27,27,sulfon_amide,sulfon_amide,"[S;$(S(=O)(=O)[C,N]):1]-!@[N+0;$(NC):2]>>[*:1][*].[*:2][*]",[F],'',not in original.xls,2,Sulfonyl_Amine_to_SulfoAmide,CS(=O)(=O)Cl,NCC,CCNS(=O)(=O)C,x,,,,,1,
27,27,sulfon_amide,sulfon_amide,"[S;$(S(=O)(=O)[C,N]):1]-!@[N+0;$(NC):2]>>[*:1][*].[*:2][*]",[Br],',not in original.xls,2,Sulfonyl_Amine_to_SulfoAmide,CS(=O)(=O)Cl,NCC,CCNS(=O)(=O)C,x,,,,,1,
30,30,urea,urea,"[N;$(N-[#6]):3]-!@[C;$(C=O):1]-!@[N+0;$(N[#6]);!$(N=*);!$([N-]);!$(N#*);!$([ND1]);!$(N[O,N]):2]>>[*:1][*].[*:2][*]",[Cl],'',"1. in original.xls they use an isocyanate reagent N=C=O but this will not work with regex as we also need to add a double bond. I used the carbamoyl chloride as equiv to isocyanate which will make sense to chemists. 10s of other methods to form ureas available.
2. Because of symmetry in urea N-C-N 2 C-N disconnections are possible, will be an issue to find which part is the scaffold and which the reagent",2,IsoCyanate_Amine_to_Urea,CN=C=O,CN,CNC(=O)NC,x,,,,,1,
41,41,Friedel-crafts_Alkylation,Friedel-crafts_Alkylation,"[#6;!$([#6]=*);!$([#6]~[O,N,S]);$([#6]~[#6]):1][c:2]>>[*:2][*].[*:1][*]",,,"The smirks needs revising, currently it disconnects the c-c in the aromatic ring, replace #6 with C not enough",2,Friedel,c1ccccc1,CCCBr,CCCc1ccccc1,,x,,,,1,
80,80,Addition_of_hydrogen_cyanide_to_alkynes,Addition_of_hydrogen_cyanide_to_alkynes,[#6;$(C=[#6!H0]):1][C;$(C#N):2]>>[*:1][*].[*][*:2],,,,2,Addition_of_hydrogen_cyanide_to_alkynes,CC#CC,C#N,CC=C(C)C#N,,,x,,,1,
88,88,Nitroalkane_formation,Nitroalkane_formation,[#6:1]([N+]([O-])=O)=[#6:2]>>[*:1][*][N+]([O-])=O.[*:2][*],,,,2,Nitroalkane_formation,CCC[N+](=O)[O-],CCC=O,CCC=C(CC)[N+](=O)[O-],,,x,,,1,
90,90,Pinner_reaction,Pinner_reaction,"[#6;!$(A(A=[O,S]));!$(A=*);!$([A-]);!$(A~[P,S,O,N]):3][C:1](=[#7:2])[N!H0;!$(A(A=[O,S]));!$(A=*);!$([A-]);!$(A~[P,S,O,N]):4]>>[#6:3][C:1]([*])=[N:2].[#7!H0:4][*]",,,"The smirks needs revising, better to use the original >>[#6:3][C:1]#[N:2].[#7!H0:4] and NO functional groups are required",2,Pinner_reaction,CCC#N,CCCN,CCCNC(=N)CC,,x,,,,1,
107,107,Amide_coupling_PrimAmine,Amide_coupling_PrimAmine,"[#6;!$(C(C=*)(C=*));!$([#6]~[O,N,S]);$([#6]~[#6]):1][C:2](=[O:3])[N;D2;$(N(C=[O,S]));!$(N~[O,P,S,N]):4][#6;!$(C=*);!$([#6](~[O,N,S])N);$([#6]~[#6]):5]>>[#6:1][C:2](=[O:3])[*].[*][N:4][#6:5]",[O],'',,2,Acid_PrimAmine_to_Amide,CC(=O)O,NCC,CCNC(=O)C,x,,,,,1,
123,123,Kumada_cross-coupling,Kumada_cross-coupling,"[#6;!R;!$(C=*);!$([#6]~[O,N,S]);$([#6]~[#6]):1][#6;!R;!$(C=*);!$([#6]~[O,N,S]);$([#6]~[#6]):2]>>[#6:1][*].[#6:2][*]",[Br],[Mg][Br],"1. Used a different definition than original.xls, [Br].[Mg][Br] instead of F.[Mg](Br)Br which is not correct
2. The query is very generic and can result in multiple C-C matches",2,Halide_Grignard_to_CC,CCCBr,CC[Mg](Br)Br,CCCCC,,x,,,"Requires N2 atmosphere, to be done in the future",1,
123,123,Kumada_cross-coupling,Kumada_cross-coupling,"[#6;!R;!$(C=*);!$([#6]~[O,N,S]);$([#6]~[#6]):1][#6;!R;!$(C=*);!$([#6]~[O,N,S]);$([#6]~[#6]):2]>>[#6:1][*].[#6:2][*]",[Mg][Br],[Br],,2,Halide_Grignard_to_CC,CCCBr,CC[Mg](Br)Br,CCCCC,,x,,,"Requires N2 atmosphere, to be done in the future",1,
141,141,Carbamate_formation_from_isocyanate,Carbamate_formation_from_isocyanate,[N;!H0:1]([C:2]([#7:5][#6:6])=[#8:3])[#6:4]>>[#8:3]=[C:2]([#7:1][#6:4])[*].[*][#7:5][#6:6],,,Error from original.xls: the rxn is for a urea not a carbamate,2,Carbamate_formation_from_isocyanate,CCCN=C=O,CCCNC,CCCNC(=O)N(C)CCC,,x,,,,1,
147,147,Schotten-Baumann_amide_PrimAmine,Schotten-Baumann_amide_PrimAmine,"[#6;!$(C(C=*)(C=*));!$([#6]~[O,N,S]);$([#6]~[#6]):1][C:2](=[O:3])[N;D2;$(N(C=[O,S]));!$(N~[O,P,S,N]):4][#6;!$(C=*);!$([#6](~[O,N,S])N);$([#6]~[#6]):5]>>[#6:1][C:2](=[O:3])[*].[*][N:4][#6:5]",[Cl],'',"Essentially amide coupling, should we have it under 107 Amide_coupling? ",2,Acid_PrimAmine_to_Amide,CC(=O)O,NCC,CCNC(=O)C,x,,,,,1,
022_1_a,022_1_a,Negishi,Negishi,"[#6;!$([#6]=*);!$([#6]~[O,N,S,P]);$([#6]~[#6]):2]-!@[#6;!$([#6]=*);!$([#6]~[O,N,S,P]);$([#6]~[#6]):1]>>[#6;$([#6]~[#6]);!$([#6]~[S,N,O,P]):1][*].[*][#6;$([#6]~[#6]);!$([#6]~[S,N,O,P]):2]",[Cl],[Cl],"Sometimes organozinc reagents are available, should we add [Zn][Cl], [Zn][Br] too?",2,AlipHal_AlipHal_to_CC,CCBr,CCBr,CCCC,,x,,,"Requires N2 atmosphere, to be done in the future",1,
022_1_a,022_1_a,Negishi,Negishi,"[#6;!$([#6]=*);!$([#6]~[O,N,S,P]);$([#6]~[#6]):2]-!@[#6;!$([#6]=*);!$([#6]~[O,N,S,P]);$([#6]~[#6]):1]>>[#6;$([#6]~[#6]);!$([#6]~[S,N,O,P]):1][*].[*][#6;$([#6]~[#6]);!$([#6]~[S,N,O,P]):2]",[Cl],[Br],"Sometimes organozinc reagents are available, should we add [Zn][Cl], [Zn][Br] too?",3,AlipHal_AlipHal_to_CC,CCBr,CCBr,CCCC,,x,,,"Requires N2 atmosphere, to be done in the future",2,
022_1_a,022_1_a,Negishi,Negishi,"[#6;!$([#6]=*);!$([#6]~[O,N,S,P]);$([#6]~[#6]):2]-!@[#6;!$([#6]=*);!$([#6]~[O,N,S,P]);$([#6]~[#6]):1]>>[#6;$([#6]~[#6]);!$([#6]~[S,N,O,P]):1][*].[*][#6;$([#6]~[#6]);!$([#6]~[S,N,O,P]):2]",[Cl],[I],"Sometimes organozinc reagents are available, should we add [Zn][Cl], [Zn][Br] too?",4,AlipHal_AlipHal_to_CC,CCBr,CCBr,CCCC,,x,,,"Requires N2 atmosphere, to be done in the future",3,
022_1_a,022_1_a,Negishi,Negishi,"[#6;!$([#6]=*);!$([#6]~[O,N,S,P]);$([#6]~[#6]):2]-!@[#6;!$([#6]=*);!$([#6]~[O,N,S,P]);$([#6]~[#6]):1]>>[#6;$([#6]~[#6]);!$([#6]~[S,N,O,P]):1][*].[*][#6;$([#6]~[#6]);!$([#6]~[S,N,O,P]):2]",[Br],[Cl],"Sometimes organozinc reagents are available, should we add [Zn][Cl], [Zn][Br] too?",5,AlipHal_AlipHal_to_CC,CCBr,CCBr,CCCC,,x,,,"Requires N2 atmosphere, to be done in the future",4,
022_1_a,022_1_a,Negishi,Negishi,"[#6;!$([#6]=*);!$([#6]~[O,N,S,P]);$([#6]~[#6]):2]-!@[#6;!$([#6]=*);!$([#6]~[O,N,S,P]);$([#6]~[#6]):1]>>[#6;$([#6]~[#6]);!$([#6]~[S,N,O,P]):1][*].[*][#6;$([#6]~[#6]);!$([#6]~[S,N,O,P]):2]",[Br],[Br],"Sometimes organozinc reagents are available, should we add [Zn][Cl], [Zn][Br] too?",6,AlipHal_AlipHal_to_CC,CCBr,CCBr,CCCC,,x,,,"Requires N2 atmosphere, to be done in the future",5,
022_1_a,022_1_a,Negishi,Negishi,"[#6;!$([#6]=*);!$([#6]~[O,N,S,P]);$([#6]~[#6]):2]-!@[#6;!$([#6]=*);!$([#6]~[O,N,S,P]);$([#6]~[#6]):1]>>[#6;$([#6]~[#6]);!$([#6]~[S,N,O,P]):1][*].[*][#6;$([#6]~[#6]);!$([#6]~[S,N,O,P]):2]",[Br],[I],"Sometimes organozinc reagents are available, should we add [Zn][Cl], [Zn][Br] too?",7,AlipHal_AlipHal_to_CC,CCBr,CCBr,CCCC,,x,,,"Requires N2 atmosphere, to be done in the future",6,
022_1_a,022_1_a,Negishi,Negishi,"[#6;!$([#6]=*);!$([#6]~[O,N,S,P]);$([#6]~[#6]):2]-!@[#6;!$([#6]=*);!$([#6]~[O,N,S,P]);$([#6]~[#6]):1]>>[#6;$([#6]~[#6]);!$([#6]~[S,N,O,P]):1][*].[*][#6;$([#6]~[#6]);!$([#6]~[S,N,O,P]):2]",[I],[Cl],"Sometimes organozinc reagents are available, should we add [Zn][Cl], [Zn][Br] too?",8,AlipHal_AlipHal_to_CC,CCBr,CCBr,CCCC,,x,,,"Requires N2 atmosphere, to be done in the future",7,
022_1_a,022_1_a,Negishi,Negishi,"[#6;!$([#6]=*);!$([#6]~[O,N,S,P]);$([#6]~[#6]):2]-!@[#6;!$([#6]=*);!$([#6]~[O,N,S,P]);$([#6]~[#6]):1]>>[#6;$([#6]~[#6]);!$([#6]~[S,N,O,P]):1][*].[*][#6;$([#6]~[#6]);!$([#6]~[S,N,O,P]):2]",[I],[Br],"Sometimes organozinc reagents are available, should we add [Zn][Cl], [Zn][Br] too?",9,AlipHal_AlipHal_to_CC,CCBr,CCBr,CCCC,,x,,,"Requires N2 atmosphere, to be done in the future",8,
022_1_a,022_1_a,Negishi,Negishi,"[#6;!$([#6]=*);!$([#6]~[O,N,S,P]);$([#6]~[#6]):2]-!@[#6;!$([#6]=*);!$([#6]~[O,N,S,P]);$([#6]~[#6]):1]>>[#6;$([#6]~[#6]);!$([#6]~[S,N,O,P]):1][*].[*][#6;$([#6]~[#6]);!$([#6]~[S,N,O,P]):2]",[I],[I],"Sometimes organozinc reagents are available, should we add [Zn][Cl], [Zn][Br] too?",10,AlipHal_AlipHal_to_CC,CCBr,CCBr,CCCC,,x,,,"Requires N2 atmosphere, to be done in the future",9,
099_1,099_1,Williamsonether,Williamsonether,[CH2;$([#6]~[#6]):4]-!@[O:3]-!@[#6;$([#6]~[#6]);!$([#6]=O):2]>>[#6;$([#6]~[#6]);!$([#6]=O):2][#8][*].[*][#6;H2;$([#6]~[#6]):4],'',[Cl],,2,Alcohol_Hal_to_Ether,CCO,CCCl,CCOCC,x,,,,,1,
099_1,099_1,Williamsonether,Williamsonether,[CH2;$([#6]~[#6]):4]-!@[O:3]-!@[#6;$([#6]~[#6]);!$([#6]=O):2]>>[#6;$([#6]~[#6]);!$([#6]=O):2][#8][*].[*][#6;H2;$([#6]~[#6]):4],'',[Br],,2,Alcohol_Hal_to_Ether,CCO,CCCl,CCOCC,x,,,,,1,
099_1,099_1,Williamsonether,Williamsonether,[CH2;$([#6]~[#6]):4]-!@[O:3]-!@[#6;$([#6]~[#6]);!$([#6]=O):2]>>[#6;$([#6]~[#6]);!$([#6]=O):2][#8][*].[*][#6;H2;$([#6]~[#6]):4],'',[I],,2,Alcohol_Hal_to_Ether,CCO,CCCl,CCOCC,x,,,,,1,
100_1_a,100_1_a,Suzuki,Suzuki,"[*;$(c2aaaaa2),$(c2aaaa2):1]-!@[*;$(c2aaaaa2),$(c2aaaa2):2]>>[*:1][*].[*:2][*]",*B(O)O,*[Cl],,2,Boronic_AromHal_to_cc,c1ccccc1B(O)O,c1ccccc1Br,c1ccc(cc1)c2ccccc2,,x,,,"Requires N2 atmosphere, to be done in the future",1,
100_1_a,100_1_a,Suzuki,Suzuki,"[*;$(c2aaaaa2),$(c2aaaa2):1]-!@[*;$(c2aaaaa2),$(c2aaaa2):2]>>[*:1][*].[*:2][*]",*B1(OC(C(O1)(C)C)(C)C),*[Cl],,3,Boronic_AromHal_to_cc,c1ccccc1B(O)O,c1ccccc1Br,c1ccc(cc1)c2ccccc3,,x,,,"Requires N2 atmosphere, to be done in the future",2,
100_1_a,100_1_a,Suzuki,Suzuki,"[*;$(c2aaaaa2),$(c2aaaa2):1]-!@[*;$(c2aaaaa2),$(c2aaaa2):2]>>[*:1][*].[*:2][*]",*[Cl],*B(O)O,,4,Boronic_AromHal_to_cc,c1ccccc1B(O)O,c1ccccc1Br,c1ccc(cc1)c2ccccc4,,x,,,"Requires N2 atmosphere, to be done in the future",3,
100_1_a,100_1_a,Suzuki,Suzuki,"[*;$(c2aaaaa2),$(c2aaaa2):1]-!@[*;$(c2aaaaa2),$(c2aaaa2):2]>>[*:1][*].[*:2][*]",*[Cl],*B1(OC(C(O1)(C)C)(C)C),,5,Boronic_AromHal_to_cc,c1ccccc1B(O)O,c1ccccc1Br,c1ccc(cc1)c2ccccc5,,x,,,"Requires N2 atmosphere, to be done in the future",4,
100_1_a,100_1_a,Suzuki,Suzuki,"[*;$(c2aaaaa2),$(c2aaaa2):1]-!@[*;$(c2aaaaa2),$(c2aaaa2):2]>>[*:1][*].[*:2][*]",*B(O)O,*[Br],,6,Boronic_AromHal_to_cc,c1ccccc1B(O)O,c1ccccc1Br,c1ccc(cc1)c2ccccc6,,x,,,"Requires N2 atmosphere, to be done in the future",5,
100_1_a,100_1_a,Suzuki,Suzuki,"[*;$(c2aaaaa2),$(c2aaaa2):1]-!@[*;$(c2aaaaa2),$(c2aaaa2):2]>>[*:1][*].[*:2][*]",*B1(OC(C(O1)(C)C)(C)C),*[Br],,7,Boronic_AromHal_to_cc,c1ccccc1B(O)O,c1ccccc1Br,c1ccc(cc1)c2ccccc7,,x,,,"Requires N2 atmosphere, to be done in the future",6,
100_1_a,100_1_a,Suzuki,Suzuki,"[*;$(c2aaaaa2),$(c2aaaa2):1]-!@[*;$(c2aaaaa2),$(c2aaaa2):2]>>[*:1][*].[*:2][*]",*[Br],*B(O)O,,8,Boronic_AromHal_to_cc,c1ccccc1B(O)O,c1ccccc1Br,c1ccc(cc1)c2ccccc8,,x,,,"Requires N2 atmosphere, to be done in the future",7,
100_1_a,100_1_a,Suzuki,Suzuki,"[*;$(c2aaaaa2),$(c2aaaa2):1]-!@[*;$(c2aaaaa2),$(c2aaaa2):2]>>[*:1][*].[*:2][*]",*[Br],*B1(OC(C(O1)(C)C)(C)C),,9,Boronic_AromHal_to_cc,c1ccccc1B(O)O,c1ccccc1Br,c1ccc(cc1)c2ccccc9,,x,,,"Requires N2 atmosphere, to be done in the future",8,
100_1_a,100_1_a,Suzuki,Suzuki,"[*;$(c2aaaaa2),$(c2aaaa2):1]-!@[*;$(c2aaaaa2),$(c2aaaa2):2]>>[*:1][*].[*:2][*]",*B(O)O,*[I],,10,Boronic_AromHal_to_cc,c1ccccc1B(O)O,c1ccccc1Br,c1ccc(cc1)c2ccccc10,,x,,,"Requires N2 atmosphere, to be done in the future",9,
100_1_a,100_1_a,Suzuki,Suzuki,"[*;$(c2aaaaa2),$(c2aaaa2):1]-!@[*;$(c2aaaaa2),$(c2aaaa2):2]>>[*:1][*].[*:2][*]",*B1(OC(C(O1)(C)C)(C)C),*[I],,11,Boronic_AromHal_to_cc,c1ccccc1B(O)O,c1ccccc1Br,c1ccc(cc1)c2ccccc11,,x,,,"Requires N2 atmosphere, to be done in the future",10,
100_1_a,100_1_a,Suzuki,Suzuki,"[*;$(c2aaaaa2),$(c2aaaa2):1]-!@[*;$(c2aaaaa2),$(c2aaaa2):2]>>[*:1][*].[*:2][*]",*[I],*B(O)O,,12,Boronic_AromHal_to_cc,c1ccccc1B(O)O,c1ccccc1Br,c1ccc(cc1)c2ccccc12,,x,,,"Requires N2 atmosphere, to be done in the future",11,
100_1_a,100_1_a,Suzuki,Suzuki,"[*;$(c2aaaaa2),$(c2aaaa2):1]-!@[*;$(c2aaaaa2),$(c2aaaa2):2]>>[*:1][*].[*:2][*]",*[I],*B1(OC(C(O1)(C)C)(C)C),,13,Boronic_AromHal_to_cc,c1ccccc1B(O)O,c1ccccc1Br,c1ccc(cc1)c2ccccc13,,x,,,"Requires N2 atmosphere, to be done in the future",12,
100_1_a,100_1_a,Suzuki,Suzuki,"[*;$(c2aaaaa2),$(c2aaaa2):1]-!@[*;$(c2aaaaa2),$(c2aaaa2):2]>>[*:1][*].[*:2][*]",*B(O)O,*OS(=O)(=O)C(F)(F)F,,14,Boronic_AromHal_to_cc,c1ccccc1B(O)O,c1ccccc1Br,c1ccc(cc1)c2ccccc14,,x,,,"Requires N2 atmosphere, to be done in the future",13,
100_1_a,100_1_a,Suzuki,Suzuki,"[*;$(c2aaaaa2),$(c2aaaa2):1]-!@[*;$(c2aaaaa2),$(c2aaaa2):2]>>[*:1][*].[*:2][*]",*OS(=O)(=O)C(F)(F)F,*B(O)O,,15,Boronic_AromHal_to_cc,c1ccccc1B(O)O,c1ccccc1Br,c1ccc(cc1)c2ccccc15,,x,,,"Requires N2 atmosphere, to be done in the future",14,
100_1_a,100_1_a,Suzuki,Suzuki,"[*;$(c2aaaaa2),$(c2aaaa2):1]-!@[*;$(c2aaaaa2),$(c2aaaa2):2]>>[*:1][*].[*:2][*]",*B1(OC(C(O1)(C)C)(C)C),*OS(=O)(=O)C(F)(F)F,,14,Boronic_AromHal_to_cc,c1ccccc1B(O)O,c1ccccc1Br,c1ccc(cc1)c2ccccc14,,x,,,"Requires N2 atmosphere, to be done in the future",13,
100_1_a,100_1_a,Suzuki,Suzuki,"[*;$(c2aaaaa2),$(c2aaaa2):1]-!@[*;$(c2aaaaa2),$(c2aaaa2):2]>>[*:1][*].[*:2][*]",*OS(=O)(=O)C(F)(F)F,*B1(OC(C(O1)(C)C)(C)C),,15,Boronic_AromHal_to_cc,c1ccccc1B(O)O,c1ccccc1Br,c1ccc(cc1)c2ccccc15,,x,,,"Requires N2 atmosphere, to be done in the future",14,
101_1,101_1,Heck_terminal_vinyl,Heck_terminal_vinyl,"[*;$(c2aaaaa2),$(c2aaaa2):4]/[#6:1]=!@[#6:2]/[*;$(c2aaaaa2),$(c2aaaa2):3]>>[#6;c,$(C(=O)O),$(C#N):3][#6;H1:2]=[#6;H1:1][*].[#6;$([#6]=[#6]),$(c:c):4][*]",,,,2,Styrene_AromHal_to_Alkene,c1ccccc1C=C,c1ccccc1Cl,c1ccc(cc1)/C=C/c2ccccc2,,x,,,"Requires N2 atmosphere, to be done in the future",1,
102_1,102_1,Heck_non-terminal_vinyl,Heck_non-terminal_vinyl,"[#6:4][#6;H0:1]=!@[#6:2]([#6:5])[#6:3]>>[#6;c,$(C(=O)O),$(C#N):3][#6:2]([#6:5])=[#6;$([#6][#6]):1][*].[#6;$([#6]=[#6]),$(c:c):4][*]",,,,2,Alkene_AromHal_to_Alkene,c1ccccc1C(C)=CC,c1ccccc1Cl,CC(=C(C)c1ccccc1)c2ccccc2,,x,,,"Requires N2 atmosphere, to be done in the future",1,
103_1_a,103_1_a,Stille,Stille,"[*;$(c);$(C=C-[#6]),$(c):1]-!@[*;$(C):2]>>[#6;$(C=C-[#6]),$(c):1][*].[*][*;$(C):2]",,,,2,AromHal_Ar_AromHal_to_cc,c1ccccc1Br,c1ccccc1Cl,c1ccc(cc1)c2ccccc2,,x,,,"Requires N2 atmosphere, to be done in the future",1,
105_1,105_1,Grignard_alcohol,Grignard_alcohol,[C;$(C([#6])[#6]):1]([#6:5])([#6:2])([O;H1:3])[#6;!R:4]>>[#6:2][#6:1](*)([#6:5])[O:3].[*][#6:4],,,,2,Ketone_Hal_to_Alcohol,CC(=O)C,CCCl,CCC(C)(C)O,,x,,,"Requires N2 atmosphere, to be done in the future",1,
106_1,106_1,Sonogashira,Sonogashira,"[#6;$(C=C-[#6]),$(c:c):1]-!@[C;$(C#CC):2]>>[#6;$(C=C-[#6]),$(c:c):1][*].[*][CH1;$(C#CC):2]",,,,2,AromHal_Alkyne_to_cC,c1cc(Br)ccc1,CC#C,CC#Cc1ccccc1,,x,,,"Requires N2 atmosphere, to be done in the future",1,
110_1,110_1,Buchwald-Hartwig,Buchwald-Hartwig,"[c;$(c1:[c,n]:[c,n]:[c,n]:[c,n]:[c,n]:1):1]-!@[N;$(NC)&!$(N=*)&!$([N-])&!$(N#*)&!$([ND1])&!$(N[O])&!$(N[C,S]=[S,O,N]),H2&$(Nc1:[c,n]:[c,n]:[c,n]:[c,n]:[c,n]:1):2]>>[*][c;$(c1:[c,n]:[c,n]:[c,n]:[c,n]:[c,n]:1):1].[*][N:2]",[Cl],'',,2,AromHal_SecAmine_to_cN,c1ccccc1Cl,CNC,CN(C)c1ccccc1,,x,,,"Requires N2 atmosphere, to be done in the future",1,
110_2,110_2,Buchwald-Hartwig,Buchwald-Hartwig,"[c;$(c1:[c,n]:[c,n]:[c,n]:[c,n]:[c,n]:1):1]-!@[N;$(NC)&!$(N=*)&!$([N-])&!$(N#*)&!$([ND1])&!$(N[O])&!$(N[C,S]=[S,O,N]),H2&$(Nc1:[c,n]:[c,n]:[c,n]:[c,n]:[c,n]:1):2]>>[*][c;$(c1:[c,n]:[c,n]:[c,n]:[c,n]:[c,n]:1):1].[*][N:2]",[Br],'',,3,AromHal_SecAmine_to_cN,c1ccccc1Cl,CNC,CN(C)c1ccccc2,,x,,,"Requires N2 atmosphere, to be done in the future",2,
110_3,110_3,Buchwald-Hartwig,Buchwald-Hartwig,"[c;$(c1:[c,n]:[c,n]:[c,n]:[c,n]:[c,n]:1):1]-!@[N;$(NC)&!$(N=*)&!$([N-])&!$(N#*)&!$([ND1])&!$(N[O])&!$(N[C,S]=[S,O,N]),H2&$(Nc1:[c,n]:[c,n]:[c,n]:[c,n]:[c,n]:1):2]>>[*][c;$(c1:[c,n]:[c,n]:[c,n]:[c,n]:[c,n]:1):1].[*][N:2]",[I],'',,4,AromHal_SecAmine_to_cN,c1ccccc1Cl,CNC,CN(C)c1ccccc3,,x,,,"Requires N2 atmosphere, to be done in the future",3,
110_4,110_4,Buchwald-Hartwig,Buchwald-Hartwig,"[c;$(c1:[c,n]:[c,n]:[c,n]:[c,n]:[c,n]:1):1]-!@[N;$(NC)&!$(N=*)&!$([N-])&!$(N#*)&!$([ND1])&!$(N[O])&!$(N[C,S]=[S,O,N]),H2&$(Nc1:[c,n]:[c,n]:[c,n]:[c,n]:[c,n]:1):2]>>[*][c;$(c1:[c,n]:[c,n]:[c,n]:[c,n]:[c,n]:1):1].[*][N:2]",OS(=O)(=O)C(F)(F)F,'',,5,AromHal_SecAmine_to_cN,c1ccccc1Cl,CNC,CN(C)c1ccccc4,,x,,,"Requires N2 atmosphere, to be done in the future",4,
112_1,112_1,heteroaromatic_nuc_sub,heteroaromatic_nuc_sub,"[*;!$(c1ccccc1);$(c1[n,c]c[n,c]c[n,c]1):1]-!@[N;$(NC);!$(N=*);!$([N-]);!$(N#*);!$([ND3]);!$([ND4]);!$(n[c,O]);!$(N[C,S]=[S,O,N]):2]>>[*;!$(c1ccccc1);$(c1[n,c]c[n,c]c[n,c]1):1][*].[*][N:2]",[F],'',,2,AromHal_Amine_to_cN,c1cnc(F)cc1,CN,CNc1ccccn1,,x,,,,1,
112_1,112_1,heteroaromatic_nuc_sub,heteroaromatic_nuc_sub,"[*;!$(c1ccccc1);$(c1[n,c]c[n,c]c[n,c]1):1]-!@[N;$(NC);!$(N=*);!$([N-]);!$(N#*);!$([ND3]);!$([ND4]);!$(n[c,O]);!$(N[C,S]=[S,O,N]):2]>>[*;!$(c1ccccc1);$(c1[n,c]c[n,c]c[n,c]1):1][*].[*][N:2]",[Cl],'',,2,AromHal_Amine_to_cN,c1cnc(F)cc1,CN,CNc1ccccn1,,x,,,,1,
113_1,113_1,nucl_sub_aromatic_ortho_nitro,nucl_sub_aromatic_ortho_nitro,"[*;$(c1c(N(~O)~O)cccc1):1]-!@[N;$(NC);!$(N=*);!$([N-]);!$(N#*);!$([ND1]);!$(N[O]);!$(N[C,S]=[S,O,N]):2]>>[*;$(c1c(N(~O)~O)cccc1):1][*].[*][N:2]",[F],'',Watch the 2nd star with regex,2,AromNitro_Amine_to_cN,c1c([N+](=O)[O-])c(F)ccc1,CN,CNc1ccccc1[N+](=O)[O-],x,,,,,1,
113_1,113_1,nucl_sub_aromatic_ortho_nitro,nucl_sub_aromatic_ortho_nitro,"[*;$(c1c(N(~O)~O)cccc1):1]-!@[N;$(NC);!$(N=*);!$([N-]);!$(N#*);!$([ND1]);!$(N[O]);!$(N[C,S]=[S,O,N]):2]>>[*;$(c1c(N(~O)~O)cccc1):1][*].[*][N:2]",[Cl],'',Watch the 2nd star with regex,2,AromNitro_Amine_to_cN,c1c([N+](=O)[O-])c(F)ccc1,CN,CNc1ccccc1[N+](=O)[O-],x,,,,,1,
113_3,113_3,nucl_sub_aromatic_para_nitro,nucl_sub_aromatic_para_nitro,"[*;$(c1ccc(N(~O)~O)cc1):1]-!@[N;$(NC);!$(N=*);!$([N-]);!$(N#*);!$([ND1]);!$(N[O]);!$(N[C,S]=[S,O,N]):2]>>[*;$(c1ccc(N(~O)~O)cc1):1][*].[*][N:2]",[F],'',Watch the 2nd star with regex,2,XX,c1c(F)ccc([N+](=O)[O-])c1,CN,CNc1ccc(cc1)[N+](=O)[O-],x,,,,,1,
113_3,113_3,nucl_sub_aromatic_para_nitro,nucl_sub_aromatic_para_nitro,"[*;$(c1ccc(N(~O)~O)cc1):1]-!@[N;$(NC);!$(N=*);!$([N-]);!$(N#*);!$([ND1]);!$(N[O]);!$(N[C,S]=[S,O,N]):2]>>[*;$(c1ccc(N(~O)~O)cc1):1][*].[*][N:2]",[Cl],'',Watch the 2nd star with regex,2,XX,c1c(F)ccc([N+](=O)[O-])c1,CN,CNc1ccc(cc1)[N+](=O)[O-],x,,,,,1,
130_1,130_1,Wurtz,Wurtz,"[#6;!$([#6]=*);!$([#6]~[O,N,S]);$([#6]~[#6]):1][#6;!$([#6]=*);!$([#6]~[O,N,S]);$([#6]~[#6]):2]>>[#6;!$([#6]=*);!$([#6]~[O,N,S]);$([#6]~[#6]):1][*].[#6;!$([#6]=*);!$([#6]~[O,N,S]);$([#6]~[#6]):2][*]",,,,2,Hal_Hal_to_Alkane,CCCl,CCCl,CCCC,,,x,,,1,
132_1,132_1,Acylation_of_amines,Acylation_of_amines,"[C:2]([#7;!D4:1])(=[O:3])[#6:4]>>[#7:1][*].[C,$(C=O):2](=[O:3])([*])[#6:4]",,,"smirks for retro-products wrong, and in original.xls , to ; typo?",2,Acylation_of_amines,CCCN,CC(=O)O,CCCNC(=O)C,x,,,,,1,
133_2,133_2,Acylation_of_nucleophiles_with_carboxylic_acid_anhydrides,Acylation_of_nucleophiles_with_carboxylic_acid_anhydrides,"[#6;$(C(=O)):1][#7,#8,#16:2]>>[*:1][*].[*:2][*]",OC(=O)OC(C)(C)C,'',too generic? multiple matches,2,Acylation_of_nucleophiles_with_carboxylic_acid_anhydrides,CCCN,CC(=O)OC(=O),CCC[SH2]C(=O)C,x,,,,,1,
134_1,134_1,Acylation_of_nucleophiles_with_carboxylic_acids,Acylation_of_nucleophiles_with_carboxylic_acids,[O:2]=[#6:1][#7:5]>>[O:2]=[#6:1][*].[N:5][*],[OH],'',,2,Acylation_of_nucleophiles_with_carboxylic_acids,CC(=O)O,CCCN,CCCNC(=O)C,x,,,,,1,
134_2,134_2,Acylation_of_nucleophiles_with_carboxylic_acids,Acylation_of_nucleophiles_with_carboxylic_acids,"[#6;$(C=[O]):1][#8,#16:2]>>[*:1][*].[*][*:2]",[OH],'',,2,Acylation_of_nucleophiles_with_carboxylic_acids,CC(=O)O,CCCN,CCC[OH2]C(=O)C,x,,,,,1,
135_1,135_1,Alkyaltion_of_amine_with_alkyl_halide,Alkyaltion_of_amine_with_alkyl_halide,"[N;!$(n1****1);!$(n1*****1);!$(N=*);!$(N(A=A));!$([N-]);!$(N~[O,P,S,N]):1]-!@[#6;!$(C=*);!$(C(A=A));!$([C-]);!$(C~[O,P,S]):2]>>[N:1][*].[*][#6:2]",'',[Cl],,2,Alkyaltion_of_amine_with_alkyl_halide,CCCN,CCCF,CCCNCCC,x,,,,,1,
135_1,135_1,Alkyaltion_of_amine_with_alkyl_halide,Alkyaltion_of_amine_with_alkyl_halide,"[N;!$(n1****1);!$(n1*****1);!$(N=*);!$(N(A=A));!$([N-]);!$(N~[O,P,S,N]):1]-!@[#6;!$(C=*);!$(C(A=A));!$([C-]);!$(C~[O,P,S]):2]>>[N:1][*].[*][#6:2]",'',[Br],,2,Alkyaltion_of_amine_with_alkyl_halide,CCCN,CCCF,CCCNCCC,x,,,,,1,
135_1,135_1,Alkyaltion_of_amine_with_alkyl_halide,Alkyaltion_of_amine_with_alkyl_halide,"[N;!$(n1****1);!$(n1*****1);!$(N=*);!$(N(A=A));!$([N-]);!$(N~[O,P,S,N]):1]-!@[#6;!$(C=*);!$(C(A=A));!$([C-]);!$(C~[O,P,S]):2]>>[N:1][*].[*][#6:2]",'',[I],,2,Alkyaltion_of_amine_with_alkyl_halide,CCCN,CCCF,CCCNCCC,x,,,,,1,
137_1,137_1,Alpha-Alkylation_of_beta-keto_esters,Alpha-Alkylation_of_beta-keto_esters,[#6:8][O:7][C:5](=[O:6])[C:4]([C:2](=[O:3])[#6:1])[#6:9]>>[#6:1][C:2]([C:4]([*])[C:5]([O:7][#6:8])=[O:6])=[O:3].[#6:9][*],,,,2,Alpha-Alkylation_of_beta-keto_esters,CC(CC(OC)=O)=O,CCCBr,CCCC(C(=O)C)C(=O)OC,,x,,,,1,
138_1,138_1,Alpha-alkylation_of_esters,Alpha-alkylation_of_esters,[#6:1][C:2]([#6:7])[C:3](=[O:4])[O:5][#6:6]>>[C;!H0:2]([*])([C:3]([O:5][#6:6])=[O:4])[#6:1].[#6:7][*],,,,2,Alpha-alkylation_of_esters,C(C(OC)=O)C,CCCF,CCCC(C)C(=O)OC,,x,,,,1,
139_1,139_1,Arylation_of_amines,Arylation_of_amines,"[N;!$(n1****1);!$(n1*****1);!$(N(A=A));!$(N=*);!$([N-]);!$(N~[O,P,S,N]):1][*;$(c1aaaaa1),$(c1aaaa1);!$(C=*);!$(C(A=A));!$([C-]);!$(C~[O,P,S]):2]>>[N:1][*].[#6:2][*]",'',[F],"This reaction will not work in general without some activating group on the aromatic ring (e.g. ortho nitro etc, heteroatom like in chloropyridine)",2,Arylation_of_amines,CCCN,c1ccccc1F,CCCNc1ccccc1,x,,,,,1,
139_1,139_1,Arylation_of_amines,Arylation_of_amines,"[N;!$(n1****1);!$(n1*****1);!$(N(A=A));!$(N=*);!$([N-]);!$(N~[O,P,S,N]):1][*;$(c1aaaaa1),$(c1aaaa1);!$(C=*);!$(C(A=A));!$([C-]);!$(C~[O,P,S]):2]>>[N:1][*].[#6:2][*]",'',[Cl],This reaction will not work in general without some activating group on the aromatic ring (e.g. ortho nitro etc),2,Arylation_of_amines,CCCN,c1ccccc1F,CCCNc1ccccc1,x,,,,,1,
142_1,142_1,Cross_Claisen_condensation,Cross_Claisen_condensation,[C:3]([C:1]([#8:5][#6:6])=[O:2])[#6:7]=[O:8]>>[#6:6][#8:5][C:1](=[O:2])[C!H0:3][*].[#6:7](=[O:8])[*],,,,2,Cross_Claisen_condensation,COC(=O)CCC,CCC(=O)N,CCC(C(=O)CC)C(=O)OC,,x,,,,1,
144_1,144_1,Menshutkin_reaction,Menshutkin_reaction,"[N+:1]([#6:2])([#6:4])([#6:5])[#6:3]>>[N;!$(N=*);!$([N-]);!$(N~[O,P,S,N]):1]([#6:2])([#6:3])([*])[#6:4].[*][#6:5]",,,,2,Menshutkin_reaction,N(C)(C)C,CCCBr,CCC[N+](C)(C)C,,x,,,,1,
145_1,145_1,Nucleophilic_aromatic_substitution_SN2,Nucleophilic_aromatic_substitution_SN2,"[c:1][C,N,S,O:2]>>[c:1][*].[*:2]",[F],'',"Like in 139, there is no condition for an activating group in the smirks
Also in [C,N,S,O:2] need to remove the C as this reaction is less generic compared to N,S,O",2,Nucleophilic_aromatic_substitution_SN2,c1ccccc1F,CCC,CCCc1ccccc1,x,,,,,1,
145_1,145_1,Nucleophilic_aromatic_substitution_SN2,Nucleophilic_aromatic_substitution_SN2,"[c:1][C,N,S,O:2]>>[c:1][*].[*:2]",[Cl],'',"Like in 139, there is no condition for an activating group in the smirks
Also in [C,N,S,O:2] need to remove the C as this reaction is less generic compared to N,S,O",2,Nucleophilic_aromatic_substitution_SN2,c1ccccc1F,CCC,CCCc1ccccc1,x,,,,,1,
145_1,145_1,Nucleophilic_aromatic_substitution_SN2,Nucleophilic_aromatic_substitution_SN2,"[c:1][C,N,S,O:2]>>[c:1][*].[*:2]",[Br],'',"Like in 139, there is no condition for an activating group in the smirks
Also in [C,N,S,O:2] need to remove the C as this reaction is less generic compared to N,S,O",2,Nucleophilic_aromatic_substitution_SN2,c1ccccc1F,CCC,CCCc1ccccc1,x,,,,,1,
